{
    "min_angle": 218.03653147351196,
    "max_angle": 311.248270929474,
    "min_psi": 0.0,
    "max_psi": 150.0,
    "needle_color": "black"
}